{
   "0": {
      "index": 0,
      "testY_inverse": 0.7353803277113258,
      "yhat_inverse": 0.7353803277113258
   }
}