{
   "0": {
      "index": 0,
      "testY_inverse": 5560.831999999999,
      "yhat_inverse": 5549.650390625
   }
}